{
	"measurement_condition":{
		"temperature":25,
		"cell_area":244.26,
		"Suns":0.5,
		"JL":null,
		"IL":[1.273840326,3.242502648],
		"I_imbalance":-0.97704
	},
	"fit_weight":{
		"Voc":20,
		"Isc":0,
		"Pmax":1
	},
	"tag":null,
	"experimental_data":[
		{
			"row_name":"Voltage(V)",
			"data":[0,0.986472014,1.51093868,1.644802403,1.654584311,1.657029788,1.659475265,1.661920742,1.664366219,1.667236149,1.670106079,1.675845938,1.7123,1.820491029]
		},
		{
			"row_name":"Current(A)",
			"data":[-1.2958420455,-1.28387892348,-1.2764795553,-1.25659386018,-1.2510814005,-1.24945804854,-1.24772135994,-1.24586327412,-1.24387426494,-1.24136034102,-1.23863610924,-1.23248197854,-1.15902542448,-0]
		}
	],
	"measurement_type":"Light_IV_measurement"
}
