{
	"measurement_condition":{
		"temperature":25,
		"cell_area":244.26,
		"Suns":1,
		"JL":null,
		"IL":[4.400539308,4.63214664],
		"I_imbalance":0
	},
	"fit_weight":{
		"Voc":20,
		"Isc":0,
		"Pmax":1
	},
	"tag":null,
	"experimental_data":[
		{
			"row_name":"Voltage(V)",
			"data":[0,0.9443083360000001,1.481584052,1.569522961,1.579522961,1.582022961,1.584522961,1.587022961,1.589522961,1.598486885,1.607450808,1.7564,1.865234257]
		},
		{
			"row_name":"Current(A)",
			"data":[-4.41215484804,-4.40067780342,-4.37775864336,-4.284874625940001,-4.26198135744,-4.25568164778,-4.249138899419999,-4.24234700586,-4.23529912782,-4.207825007279999,-4.176663537780001,-2.7521250507,-0]
		}
	],
	"measurement_type":"Light_IV_measurement"
}
