{
	"measurement_condition":{
		"temperature":25,
		"cell_area":244.26,
		"Suns":0.5,
		"JL":null,
		"IL":[1.968662322,2.547680652],
		"I_imbalance":-0.24426
	},
	"fit_weight":{
		"Voc":20,
		"Isc":0,
		"Pmax":1
	},
	"tag":null,
	"experimental_data":[
		{
			"row_name":"Voltage(V)",
			"data":[0,0.93878283,1.473210525,1.603287642,1.605017385,1.610017385,1.612517385,1.615017385,1.617517385,1.620017385,1.625017385,1.7147,1.822994018]
		},
		{
			"row_name":"Current(A)",
			"data":[-1.9824104961,-1.97099940168,-1.96269236334,-1.92939654996,-1.92790216728,-1.9231969869,-1.92061418166,-1.91786527962,-1.9149409989,-1.91183108058,-1.90501378398,-1.54369779696,-0]
		}
	],
	"measurement_type":"Light_IV_measurement"
}
