{
	"measurement_condition":{
		"temperature":25,
		"cell_area":244.26,
		"Suns":1,
		"JL":null,
		"IL":[6.253397964,2.779287984],
		"I_imbalance":1.95408
	},
	"fit_weight":{
		"Voc":20,
		"Isc":0,
		"Pmax":1
	},
	"tag":null,
	"experimental_data":[
		{
			"row_name":"Voltage(V)",
			"data":[0,0.9690665510000001,1.504277881,1.626333909,1.631333909,1.633833909,1.636333909,1.638833909,1.641333909,1.646333909,1.7468,1.855497564]
		},
		{
			"row_name":"Current(A)",
			"data":[-2.79497338416,-2.7713177802,-2.75159647206,-2.6846396766,-2.67741959526,-2.6735514939,-2.66950068606,-2.66525862264,-2.6608169988,-2.65129794234,-2.11700557242,-0]
		}
	],
	"measurement_type":"Light_IV_measurement"
}
