{
	"measurement_condition":{
		"temperature":25,
		"cell_area":244.26,
		"Suns":0.5,
		"JL":null,
		"IL":[1.389643992,3.126698982],
		"I_imbalance":-0.85491
	},
	"fit_weight":{
		"Voc":20,
		"Isc":0,
		"Pmax":1
	},
	"tag":null,
	"experimental_data":[
		{
			"row_name":"Voltage(V)",
			"data":[0,0.974408407,1.503421923,1.641323238,1.651203872,1.653674031,1.65614419,1.658614348,1.661084507,1.664146781,1.667209054,1.673333601,1.7132,1.821470501]
		},
		{
			"row_name":"Current(A)",
			"data":[-1.41006559356,-1.39824536364,-1.39079787624,-1.36906410996,-1.36293733638,-1.3611290796,-1.35919307484,-1.35712004022,-1.35489996108,-1.35192682836,-1.34868842928,-1.341317151,-1.24686938106,-0]
		}
	],
	"measurement_type":"Light_IV_measurement"
}
