{
	"measurement_condition":{
		"temperature":25,
		"cell_area":244.26,
		"Suns":1,
		"JL":null,
		"IL":[5.558575968,3.47410998],
		"I_imbalance":1.2213
	},
	"fit_weight":{
		"Voc":20,
		"Isc":0,
		"Pmax":1
	},
	"tag":null,
	"experimental_data":[
		{
			"row_name":"Voltage(V)",
			"data":[0,0.956366578,1.494950546,1.55637229,1.617794034,1.620294034,1.622794034,1.625294034,1.627794034,1.637794034,1.752,1.860796696]
		},
		{
			"row_name":"Current(A)",
			"data":[-3.48913514538,-3.46579243848,-3.443248706039999,-3.42031953132,-3.35016683802,-3.3453214524,-3.34025501148,-3.33495798912,-3.32942037066,-3.30466242132,-2.46453479226,-0]
		}
	],
	"measurement_type":"Light_IV_measurement"
}
