{
	"measurement_condition":{
		"temperature":25,
		"cell_area":244.26,
		"Suns":0.5,
		"JL":null,
		"IL":[3.126698982,1.389643992],
		"I_imbalance":0.97704
	},
	"fit_weight":{
		"Voc":20,
		"Isc":0,
		"Pmax":1
	},
	"tag":null,
	"experimental_data":[
		{
			"row_name":"Voltage(V)",
			"data":[0,0.9731663549999999,1.48612928,1.597157582,1.602157582,1.604657582,1.607157582,1.609657582,1.612157582,1.617157582,1.7029,1.810947958]
		},
		{
			"row_name":"Current(A)",
			"data":[-1.40555850804,-1.38180739842,-1.3653596628,-1.33283937492,-1.32931152774,-1.32742217664,-1.32544440342,-1.32337332288,-1.32120502686,-1.31655798036,-1.11807474696,-0]
		}
	],
	"measurement_type":"Light_IV_measurement"
}
