{
	"measurement_condition":{
		"temperature":25,
		"cell_area":244.26,
		"Suns":0.5,
		"JL":null,
		"IL":[2.200269654,2.31607332],
		"I_imbalance":0
	},
	"fit_weight":{
		"Voc":20,
		"Isc":0,
		"Pmax":1
	},
	"tag":null,
	"experimental_data":[
		{
			"row_name":"Voltage(V)",
			"data":[0,0.9385601960000001,1.463134568,1.555009494,1.565009494,1.567509494,1.570009494,1.572509494,1.575009494,1.582466042,1.58992259,1.714,1.822255989]
		},
		{
			"row_name":"Current(A)",
			"data":[-2.21177503278,-2.200403997,-2.18537687754,-2.13741251838,-2.12609790666,-2.1229882326,-2.11975960392,-2.11640835672,-2.11293131562,-2.1017766942,-2.08936755342,-1.55766873618,-0]
		}
	],
	"measurement_type":"Light_IV_measurement"
}
