{
	"measurement_condition":{
		"temperature":25,
		"cell_area":244.26,
		"Suns":1,
		"JL":null,
		"IL":[3.47410998,5.558575968],
		"I_imbalance":-0.97704
	},
	"fit_weight":{
		"Voc":20,
		"Isc":0,
		"Pmax":1
	},
	"tag":null,
	"experimental_data":[
		{
			"row_name":"Voltage(V)",
			"data":[0,0.9464356890000001,1.499205217,1.640421101,1.640971975,1.645971975,1.650971975,1.653471975,1.654721975,1.655971975,1.657221975,1.658471975,1.660971975,1.7567,1.865632963]
		},
		{
			"row_name":"Current(A)",
			"data":[-3.49636866102,-3.48489234918,-3.47629073328,-3.42493653384,-3.42416467224,-3.41659994004,-3.40793432802,-3.40314341238,-3.40062484752,-3.39802128018,-3.39532953498,-3.39254765784,-3.38670129474,-2.64024615438,-0]
		}
	],
	"measurement_type":"Light_IV_measurement"
}
