{
	"measurement_condition":{
		"temperature":25,
		"cell_area":244.26,
		"Suns":1,
		"JL":null,
		"IL":[2.31607332,6.716612628],
		"I_imbalance":-2.19834
	},
	"fit_weight":{
		"Voc":20,
		"Isc":0,
		"Pmax":1
	},
	"tag":null,
	"experimental_data":[
		{
			"row_name":"Voltage(V)",
			"data":[0,0.9747210199999999,1.523816123,1.672690549,1.683453713,1.686144503,1.688835294,1.691526085,1.694216876,1.697683171,1.701149466,1.708082057,1.753,1.861814852]
		},
		{
			"row_name":"Current(A)",
			"data":[-2.3568012324,-2.34500054328,-2.33723673918,-2.30505865956,-2.2944611952,-2.29126065642,-2.28780217908,-2.28406451256,-2.2800254292,-2.27433832362,-2.26805400234,-2.25344652156,-2.05074247536,-0]
		}
	],
	"measurement_type":"Light_IV_measurement"
}
