{
	"measurement_condition":{
		"temperature":25,
		"cell_area":244.26,
		"Suns":1,
		"JL":null,
		"IL":[2.547680652,6.485005296000001],
		"I_imbalance":-1.95408
	},
	"fit_weight":{
		"Voc":20,
		"Isc":0,
		"Pmax":1
	},
	"tag":null,
	"experimental_data":[
		{
			"row_name":"Voltage(V)",
			"data":[0,0.965883907,1.517632985,1.669163188,1.67435655,1.679549912,1.682146592,1.684743273,1.687339954,1.689936635,1.697165804,1.704394973,1.7542,1.863050854]
		},
		{
			"row_name":"Current(A)",
			"data":[-2.58445717038,-2.57276078028,-2.56491099666,-2.52829910952,-2.5228784916,-2.51659075068,-2.51307829188,-2.50929421596,-2.50521824934,-2.50082743158,-2.48674437702,-2.46946689018,-2.20258939122,-0]
		}
	],
	"measurement_type":"Light_IV_measurement"
}
