{
	"measurement_condition":{
		"temperature":25,
		"cell_area":244.26,
		"Suns":0.5,
		"JL":null,
		"IL":[2.663484318,1.852858656],
		"I_imbalance":0.48852
	},
	"fit_weight":{
		"Voc":20,
		"Isc":0,
		"Pmax":1
	},
	"tag":null,
	"experimental_data":[
		{
			"row_name":"Voltage(V)",
			"data":[0,0.953251442,1.474672484,1.590952893,1.593452893,1.595952893,1.598452893,1.600952893,1.605952893,1.610952893,1.7103,1.818489601]
		},
		{
			"row_name":"Current(A)",
			"data":[-1.86803843796,-1.84478439744,-1.82654916714,-1.77794386974,-1.77541675578,-1.7727755724,-1.77001470162,-1.7671295025,-1.76096364732,-1.7542337958,-1.40675147388,-0]
		}
	],
	"measurement_type":"Light_IV_measurement"
}
