{
	"measurement_condition":{
		"temperature":25,
		"cell_area":244.26,
		"Suns":0.5,
		"JL":null,
		"IL":[2.547680652,1.968662322],
		"I_imbalance":0.36639
	},
	"fit_weight":{
		"Voc":20,
		"Isc":0,
		"Pmax":1
	},
	"tag":null,
	"experimental_data":[
		{
			"row_name":"Voltage(V)",
			"data":[0,0.948622466,1.471026198,1.529226475,1.587426752,1.589926752,1.592426752,1.594926752,1.597426752,1.607426752,1.7115,1.819737551]
		},
		{
			"row_name":"Current(A)",
			"data":[-1.983549969,-1.9604173257,-1.94128370712,-1.92668941638,-1.88633644308,-1.88351475156,-1.88056922022,-1.87749496386,-1.87428660876,-1.86000423804,-1.46197646154,-0]
		}
	],
	"measurement_type":"Light_IV_measurement"
}
