{
	"measurement_condition":{
		"temperature":25,
		"cell_area":244.26,
		"Suns":1,
		"JL":null,
		"IL":[3.937324643999999,5.095361304000001],
		"I_imbalance":-0.48852
	},
	"fit_weight":{
		"Voc":20,
		"Isc":0,
		"Pmax":1
	},
	"tag":null,
	"experimental_data":[
		{
			"row_name":"Voltage(V)",
			"data":[0,0.943654447,1.491272419,1.616462533,1.623410033,1.626883783,1.630357533,1.631483747,1.632609962,1.634862392,1.7569,1.865772828]
		},
		{
			"row_name":"Current(A)",
			"data":[-3.95354790468,-3.942090889379999,-3.93221423628,-3.86979750144,-3.85709842404,-3.849880785299999,-3.84202636074,-3.83933559258,-3.83657179068,-3.83081800212,-2.73823960248,-0]
		}
	],
	"measurement_type":"Light_IV_measurement"
}
