{
	"measurement_condition":{
		"temperature":25,
		"cell_area":244.26,
		"Suns":0.5,
		"JL":null,
		"IL":[1.73705499,2.779287984],
		"I_imbalance":-0.48852
	},
	"fit_weight":{
		"Voc":20,
		"Isc":0,
		"Pmax":1
	},
	"tag":null,
	"experimental_data":[
		{
			"row_name":"Voltage(V)",
			"data":[0,0.947189921,1.483540025,1.618402144,1.628402144,1.633402144,1.635902144,1.637152144,1.637777144,1.638089644,1.638402144,1.640786452,1.64317076,1.647939376,1.657476608,1.676551072,1.7147,1.822991846]
		},
		{
			"row_name":"Current(A)",
			"data":[-1.75318127946,-1.74167907606,-1.73396290266,-1.71005644368,-1.70318492136,-1.69899366402,-1.69667710218,-1.69545897756,-1.69483440474,-1.69451808804,-1.69419908448,-1.69167563442,-1.68898535478,-1.68306082848,-1.66870542402,-1.62689592834,-1.462128147,-0]
		}
	],
	"measurement_type":"Light_IV_measurement"
}
