{
	"measurement_condition":{
		"temperature":25,
		"cell_area":244.26,
		"Suns":0.5,
		"JL":null,
		"IL":[1.15803666,3.358306314],
		"I_imbalance":-1.09917
	},
	"fit_weight":{
		"Voc":20,
		"Isc":0,
		"Pmax":1
	},
	"tag":null,
	"experimental_data":[
		{
			"row_name":"Voltage(V)",
			"data":[0,1.000138262,1.518857049,1.647929563,1.657427173,1.659801575,1.662175977,1.66455038,1.666924782,1.669587853,1.672250925,1.677577067,1.711,1.819225818]
		},
		{
			"row_name":"Current(A)",
			"data":[-1.18167834114,-1.1695522977,-1.16219347668,-1.14390768456,-1.13902175178,-1.1375908767,-1.13606376318,-1.13443308342,-1.13269175388,-1.1305964916,-1.12833928494,-1.12328481276,-1.06643280924,-0]
		}
	],
	"measurement_type":"Light_IV_measurement"
}
