{
	"measurement_condition":{
		"temperature":25,
		"cell_area":244.26,
		"Suns":1,
		"JL":null,
		"IL":[3.705717312,5.326968636],
		"I_imbalance":-0.73278
	},
	"fit_weight":{
		"Voc":20,
		"Isc":0,
		"Pmax":1
	},
	"tag":null,
	"experimental_data":[
		{
			"row_name":"Voltage(V)",
			"data":[0,0.944559344,1.495304575,1.629341771,1.633957121,1.641262479,1.6426098,1.643283461,1.643957121,1.646457121,1.648957121,1.653957121,1.7569,1.865789513]
		},
		{
			"row_name":"Current(A)",
			"data":[-3.7248135588,-3.71335385664,-3.70429742862,-3.6487693143,-3.64139095248,-3.62771801046,-3.62490047136,-3.62345469642,-3.6219837627,-3.6162986112,-3.61024169598,-3.59693172432,-2.69965604862,-0]
		}
	],
	"measurement_type":"Light_IV_measurement"
}
