{
	"measurement_condition":{
		"temperature":25,
		"cell_area":244.26,
		"Suns":0.5,
		"JL":null,
		"IL":[2.89509165,1.621251324],
		"I_imbalance":0.73278
	},
	"fit_weight":{
		"Voc":20,
		"Isc":0,
		"Pmax":1
	},
	"tag":null,
	"experimental_data":[
		{
			"row_name":"Voltage(V)",
			"data":[0,0.9632922939999999,1.481139547,1.595383246,1.600383246,1.602883246,1.605383246,1.607883246,1.610383246,1.615383246,1.7071,1.815284183]
		},
		{
			"row_name":"Current(A)",
			"data":[-1.63684952334,-1.61334291798,-1.59616069254,-1.55664406548,-1.55238856776,-1.55011108752,-1.5477278427,-1.54523370384,-1.54262403,-1.53703609398,-1.27384057026,-0]
		}
	],
	"measurement_type":"Light_IV_measurement"
}
