{
	"measurement_condition":{
		"temperature":25,
		"cell_area":244.26,
		"Suns":0.5,
		"JL":null,
		"IL":[3.358306314,1.15803666],
		"I_imbalance":1.2213
	},
	"fit_weight":{
		"Voc":20,
		"Isc":0,
		"Pmax":1
	},
	"tag":null,
	"experimental_data":[
		{
			"row_name":"Voltage(V)",
			"data":[0,0.9825978129999999,1.489398172,1.596460701,1.601460701,1.603960701,1.606460701,1.608960701,1.611460701,1.616460701,1.6971,1.805121505]
		},
		{
			"row_name":"Current(A)",
			"data":[-1.17421595388,-1.15023279726,-1.13444651772,-1.10798338932,-1.10509648038,-1.10355055884,-1.10193184782,-1.10023668342,-1.098461646,-1.09465631946,-0.9475910373599999,-0]
		}
	],
	"measurement_type":"Light_IV_measurement"
}
