{
	"measurement_condition":{
		"temperature":25,
		"cell_area":244.26,
		"Suns":1,
		"JL":null,
		"IL":[3.010895316,6.021790632],
		"I_imbalance":-1.46556
	},
	"fit_weight":{
		"Voc":20,
		"Isc":0,
		"Pmax":1
	},
	"tag":null,
	"experimental_data":[
		{
			"row_name":"Voltage(V)",
			"data":[0,0.953393915,1.507471397,1.651315989,1.661315989,1.666315989,1.668815989,1.670065989,1.670690989,1.671003489,1.671315989,1.673959239,1.676602489,1.68188899,1.692461991,1.713607994,1.7559,1.864764636]
		},
		{
			"row_name":"Current(A)",
			"data":[-3.04011027756,-3.02855873364,-3.0204495459,-2.98300864032,-2.97148860594,-2.96438967756,-2.96044780968,-2.95837037838,-2.95730418348,-2.95676412462,-2.95621918056,-2.95141483062,-2.9462433579,-2.93469401232,-2.90595682332,-2.81846802078,-2.457956381939999,-0]
		}
	],
	"measurement_type":"Light_IV_measurement"
}
