{
	"measurement_condition":{
		"temperature":25,
		"cell_area":244.26,
		"Suns":0.5,
		"JL":null,
		"IL":[2.31607332,2.200269654],
		"I_imbalance":0.12213
	},
	"fit_weight":{
		"Voc":20,
		"Isc":0,
		"Pmax":1
	},
	"tag":null,
	"experimental_data":[
		{
			"row_name":"Voltage(V)",
			"data":[0,0.940894594,1.46285827,1.555306563,1.560306563,1.565306563,1.567806563,1.570306563,1.572806563,1.575306563,1.586846596,1.7134,1.821610067]
		},
		{
			"row_name":"Current(A)",
			"data":[-2.21374474542,-2.19094234164,-2.1648531753,-2.10967215444,-2.10400336836,-2.09792373696,-2.09472148836,-2.0914066359,-2.08797575994,-2.08442495232,-2.0663748711,-1.53920658834,-0]
		}
	],
	"measurement_type":"Light_IV_measurement"
}
