{
	"measurement_condition":{
		"temperature":25,
		"cell_area":244.26,
		"Suns":1,
		"JL":null,
		"IL":[4.863753972000001,4.168931976000001],
		"I_imbalance":0.48852
	},
	"fit_weight":{
		"Voc":20,
		"Isc":0,
		"Pmax":1
	},
	"tag":null,
	"experimental_data":[
		{
			"row_name":"Voltage(V)",
			"data":[0,0.947617125,1.484754546,1.583759108,1.588759108,1.593759108,1.596259108,1.598759108,1.601259108,1.603759108,1.61192202,1.7552,1.864016726]
		},
		{
			"row_name":"Current(A)",
			"data":[-4.182884595719999,-4.15977124896,-4.1289087537,-4.03219498374,-4.02168032352,-4.0102838847,-4.00423551858,-3.99794411376,-3.9913989228,-3.98459286216,-3.960446784119999,-2.68755027876,-0]
		}
	],
	"measurement_type":"Light_IV_measurement"
}
