{
	"measurement_condition":{
		"temperature":25,
		"cell_area":244.26,
		"Suns":0.5,
		"JL":null,
		"IL":[2.084465988,2.431876986],
		"I_imbalance":-0.12213
	},
	"fit_weight":{
		"Voc":20,
		"Isc":0,
		"Pmax":1
	},
	"tag":null,
	"experimental_data":[
		{
			"row_name":"Voltage(V)",
			"data":[0,0.937757904,1.468415219,1.586514342,1.593132039,1.596440888,1.599749736,1.600929332,1.602108927,1.604468119,1.7144,1.822716622]
		},
		{
			"row_name":"Current(A)",
			"data":[-2.09718167508,-2.08577986254,-2.07649798254,-2.0376560016,-2.03077422036,-2.02693323186,-2.02280303952,-2.02125736224,-2.01967211484,-2.01637949004,-1.5597686394,-0]
		}
	],
	"measurement_type":"Light_IV_measurement"
}
