{
	"measurement_condition":{
		"temperature":25,
		"cell_area":244.26,
		"Suns":0.5,
		"JL":null,
		"IL":[2.431876986,2.084465988],
		"I_imbalance":0.24426
	},
	"fit_weight":{
		"Voc":20,
		"Isc":0,
		"Pmax":1
	},
	"tag":null,
	"experimental_data":[
		{
			"row_name":"Voltage(V)",
			"data":[0,0.9444359020000001,1.467098127,1.569449,1.574449,1.579449,1.581949,1.584449,1.586949,1.589449,1.592711826,1.7125,1.820773531]
		},
		{
			"row_name":"Current(A)",
			"data":[-2.09892202758,-2.07591249132,-2.05509518856,-2.00572975404,-2.00044250208,-1.9947041019,-1.9916557371,-1.98848108988,-1.98517600782,-1.98173609424,-1.97703531054,-1.50709470318,-0]
		}
	],
	"measurement_type":"Light_IV_measurement"
}
