{
	"measurement_condition":{
		"temperature":25,
		"cell_area":244.26,
		"Suns":1,
		"JL":null,
		"IL":[6.021790631999999,3.010895316000001],
		"I_imbalance":1.70982
	},
	"fit_weight":{
		"Voc":20,
		"Isc":0,
		"Pmax":1
	},
	"tag":null,
	"experimental_data":[
		{
			"row_name":"Voltage(V)",
			"data":[0,0.9644017730000001,1.501227808,1.624103526,1.629103526,1.631603526,1.634103526,1.636603526,1.639103526,1.644103526,1.7488,1.857539801]
		},
		{
			"row_name":"Current(A)",
			"data":[-3.0263789574,-3.00283791138,-2.98236770208,-2.90763342396,-2.89960093386,-2.89530000378,-2.89079780346,-2.88608529528,-2.88115319736,-2.87059066218,-2.24493601464,-0]
		}
	],
	"measurement_type":"Light_IV_measurement"
}
