{
	"measurement_condition":{
		"temperature":25,
		"cell_area":244.26,
		"Suns":0.5,
		"JL":null,
		"IL":[1.042232994,3.47410998],
		"I_imbalance":-1.2213
	},
	"fit_weight":{
		"Voc":20,
		"Isc":0,
		"Pmax":1
	},
	"tag":null,
	"experimental_data":[
		{
			"row_name":"Voltage(V)",
			"data":[0,1.014680579,1.526741977,1.64061241,1.65061241,1.65561241,1.65811241,1.66061241,1.662868331,1.665124252,1.667380173,1.669636094,1.678659779,1.7094,1.817630441]
		},
		{
			"row_name":"Current(A)",
			"data":[-1.0675676412,-1.0552679289,-1.04794892226,-1.03478575086,-1.03113235404,-1.02891374046,-1.02768828804,-1.02637734462,-1.02511574172,-1.02377377728,-1.02234632184,-1.02082702464,-1.01369707524,-0.9697576323599999,-0]
		}
	],
	"measurement_type":"Light_IV_measurement"
}
