{
	"measurement_condition":{
		"temperature":25,
		"cell_area":244.26,
		"Suns":1,
		"JL":null,
		"IL":[4.168931976000001,4.863753972000001],
		"I_imbalance":-0.24426
	},
	"fit_weight":{
		"Voc":20,
		"Isc":0,
		"Pmax":1
	},
	"tag":null,
	"experimental_data":[
		{
			"row_name":"Voltage(V)",
			"data":[0,0.943618241,1.486818631,1.590509201,1.600509201,1.605509201,1.608009201,1.610509201,1.613576517,1.616643833,1.622778465,1.7567,1.865587261]
		},
		{
			"row_name":"Current(A)",
			"data":[-4.1826606093,-4.1711938236,-4.15934281692,-4.100764872239999,-4.083219187919999,-4.072840092,-4.06720599084,-4.0612585041,-4.05351448506,-4.0452558102,-4.02709703328,-2.75614459326,-0]
		}
	],
	"measurement_type":"Light_IV_measurement"
}
