{
	"measurement_condition":{
		"temperature":25,
		"cell_area":244.26,
		"Suns":1,
		"JL":null,
		"IL":[5.326968635999999,3.705717312],
		"I_imbalance":0.97704
	},
	"fit_weight":{
		"Voc":20,
		"Isc":0,
		"Pmax":1
	},
	"tag":null,
	"experimental_data":[
		{
			"row_name":"Voltage(V)",
			"data":[0,0.9530411299999999,1.491706688,1.6033894,1.6083894,1.6133894,1.6158894,1.6183894,1.6208894,1.6233894,1.623511855,1.7532,1.862073247]
		},
		{
			"row_name":"Current(A)",
			"data":[-3.72046719636,-3.69720778212,-3.67307953506,-3.58820431452,-3.57896811114,-3.56888139444,-3.563496927,-3.55787259624,-3.55199887602,-3.54586575168,-3.5455584726,-2.55505095324,-0]
		}
	],
	"measurement_type":"Light_IV_measurement"
}
