{
	"measurement_condition":{
		"temperature":25,
		"cell_area":244.26,
		"Suns":0.5,
		"JL":null,
		"IL":[1.852858656,2.663484318],
		"I_imbalance":-0.36639
	},
	"fit_weight":{
		"Voc":20,
		"Isc":0,
		"Pmax":1
	},
	"tag":null,
	"experimental_data":[
		{
			"row_name":"Voltage(V)",
			"data":[0,0.941919877,1.478134719,1.612576376,1.622576376,1.625076376,1.627576376,1.630076376,1.632576376,1.673688188,1.7148,1.823088074]
		},
		{
			"row_name":"Current(A)",
			"data":[-1.86773970798,-1.85629612698,-1.84837575222,-1.8202218561,-1.81206039672,-1.80966225204,-1.80710191872,-1.80436864932,-1.80145145214,-1.71536763312,-1.51063036668,-0]
		}
	],
	"measurement_type":"Light_IV_measurement"
}
