{
	"measurement_condition":{
		"temperature":25,
		"cell_area":244.26,
		"Suns":1,
		"JL":null,
		"IL":[5.7901833,3.242502648],
		"I_imbalance":1.46556
	},
	"fit_weight":{
		"Voc":20,
		"Isc":0,
		"Pmax":1
	},
	"tag":null,
	"experimental_data":[
		{
			"row_name":"Voltage(V)",
			"data":[0,0.960189659,1.49812634,1.621276449,1.623776449,1.626276449,1.628776449,1.631276449,1.636276449,1.641276449,1.7505,1.85929521]
		},
		{
			"row_name":"Current(A)",
			"data":[-3.25776840948,-3.234330929700001,-3.21294938634,-3.1296117825,-3.12525198576,-3.12068969748,-3.11591636856,-3.1109222286,-3.10023365526,-3.08854361592,-2.36138574834,-0]
		}
	],
	"measurement_type":"Light_IV_measurement"
}
