{
	"measurement_condition":{
		"temperature":25,
		"cell_area":244.26,
		"Suns":0.5,
		"JL":null,
		"IL":[3.010895316,1.505447658],
		"I_imbalance":0.85491
	},
	"fit_weight":{
		"Voc":20,
		"Isc":0,
		"Pmax":1
	},
	"tag":null,
	"experimental_data":[
		{
			"row_name":"Voltage(V)",
			"data":[0,0.968385489,1.483876479,1.596569689,1.601569689,1.604069689,1.606569689,1.609069689,1.611569689,1.616569689,1.7051,1.813274458]
		},
		{
			"row_name":"Current(A)",
			"data":[-1.52121244266,-1.49757955488,-1.48078081764,-1.44493370856,-1.44105730236,-1.43898182514,-1.4368093767,-1.4345353161,-1.43215475814,-1.42705460934,-1.19849246676,-0]
		}
	],
	"measurement_type":"Light_IV_measurement"
}
