{
	"measurement_condition":{
		"temperature":25,
		"cell_area":244.26,
		"Suns":1,
		"JL":null,
		"IL":[3.242502647999999,5.790183300000001],
		"I_imbalance":-1.2213
	},
	"fit_weight":{
		"Voc":20,
		"Isc":0,
		"Pmax":1
	},
	"tag":null,
	"experimental_data":[
		{
			"row_name":"Voltage(V)",
			"data":[0,0.9493218849999999,1.503192925,1.646606537,1.656606537,1.659106537,1.661606537,1.664106537,1.666606537,1.711503269,1.7564,1.865295319]
		},
		{
			"row_name":"Current(A)",
			"data":[-3.26814897096,-3.25664261514,-3.24833166864,-3.2044286205,-3.19079329452,-3.18675005874,-3.18241737486,-3.1777761906,-3.17280623238,-2.99957166666,-2.55889926954,-0]
		}
	],
	"measurement_type":"Light_IV_measurement"
}
