{
	"measurement_condition":{
		"temperature":25,
		"cell_area":244.26,
		"Suns":0.5,
		"JL":null,
		"IL":[1.621251324,2.89509165],
		"I_imbalance":-0.61065
	},
	"fit_weight":{
		"Voc":20,
		"Isc":0,
		"Pmax":1
	},
	"tag":null,
	"experimental_data":[
		{
			"row_name":"Voltage(V)",
			"data":[0,0.954488809,1.489573215,1.633239668,1.63788002,1.642520372,1.644840547,1.647160723,1.649480899,1.651801075,1.658416645,1.665032215,1.7144,1.822699818]
		},
		{
			"row_name":"Current(A)",
			"data":[-1.63872470736,-1.62713847852,-1.61954663346,-1.59266753028,-1.58931261918,-1.58550680412,-1.58341520574,-1.58118706602,-1.57881261456,-1.57628281374,-1.5681235527,-1.55835657234,-1.40043930696,-0]
		}
	],
	"measurement_type":"Light_IV_measurement"
}
