{
	"measurement_condition":{
		"temperature":25,
		"cell_area":244.26,
		"Suns":0.5,
		"JL":null,
		"IL":[3.242502648,1.273840326],
		"I_imbalance":1.09917
	},
	"fit_weight":{
		"Voc":20,
		"Isc":0,
		"Pmax":1
	},
	"tag":null,
	"experimental_data":[
		{
			"row_name":"Voltage(V)",
			"data":[0,0.9780421669999999,1.488040234,1.597127231,1.602127231,1.604627231,1.607127231,1.609627231,1.612127231,1.617127231,1.7002,1.808251597]
		},
		{
			"row_name":"Current(A)",
			"data":[-1.2898918719,-1.26602083062,-1.2499040673,-1.22049931572,-1.21729975398,-1.21558602582,-1.21379193612,-1.2119130882,-1.20994581816,-1.205728425,-1.0344972798,-0]
		}
	],
	"measurement_type":"Light_IV_measurement"
}
