{
	"measurement_condition":{
		"temperature":25,
		"cell_area":244.26,
		"Suns":1,
		"JL":null,
		"IL":[6.716612628,2.31607332],
		"I_imbalance":2.4426
	},
	"fit_weight":{
		"Voc":20,
		"Isc":0,
		"Pmax":1
	},
	"tag":null,
	"experimental_data":[
		{
			"row_name":"Voltage(V)",
			"data":[0,0.979734472,1.510135207,1.629085571,1.634085571,1.636585571,1.639085571,1.641585571,1.644085571,1.649085571,1.7417,1.850359186]
		},
		{
			"row_name":"Current(A)",
			"data":[-2.3321297511,-2.30821278894,-2.2897005678,-2.2364836416,-2.23070957946,-2.22761407248,-2.2243707882,-2.22097288734,-2.21741279784,-2.20977576468,-1.83007677006,-0]
		}
	],
	"measurement_type":"Light_IV_measurement"
}
