{
	"measurement_condition":{
		"temperature":25,
		"cell_area":244.26,
		"Suns":0.5,
		"JL":null,
		"IL":[2.779287984,1.73705499],
		"I_imbalance":0.61065
	},
	"fit_weight":{
		"Voc":20,
		"Isc":0,
		"Pmax":1
	},
	"tag":null,
	"experimental_data":[
		{
			"row_name":"Voltage(V)",
			"data":[0,0.9582456509999999,1.47807256,1.593539918,1.598539918,1.601039918,1.603539918,1.606039918,1.608539918,1.613539918,1.7088,1.817012604]
		},
		{
			"row_name":"Current(A)",
			"data":[-1.75246242228,-1.72908185508,-1.71144286344,-1.6677767475,-1.66309867998,-1.6605967248,-1.65797996742,-1.65524303412,-1.65238055118,-1.64625695298,-1.3438037178,-0]
		}
	],
	"measurement_type":"Light_IV_measurement"
}
