{
	"measurement_condition":{
		"temperature":25,
		"cell_area":244.26,
		"Suns":1,
		"JL":null,
		"IL":[4.632146639999999,4.400539308000001],
		"I_imbalance":0.24426
	},
	"fit_weight":{
		"Voc":20,
		"Isc":0,
		"Pmax":1
	},
	"tag":null,
	"experimental_data":[
		{
			"row_name":"Voltage(V)",
			"data":[0,0.945717613,1.480898646,1.568718815,1.573718815,1.578718815,1.581218815,1.583718815,1.586218815,1.588718815,1.60458696,1.7558,1.864712199]
		},
		{
			"row_name":"Current(A)",
			"data":[-4.41355909878,-4.3905454101,-4.346882225279999,-4.2383812005,-4.226984273159999,-4.21477444854,-4.20834967776,-4.20170336316,-4.19482915398,-4.1877204552,-4.13669307564,-2.73062675106,-0]
		}
	],
	"measurement_type":"Light_IV_measurement"
}
