{
	"measurement_condition":{
		"temperature":25,
		"cell_area":244.26,
		"Suns":1,
		"JL":null,
		"IL":[5.095361304,3.937324644],
		"I_imbalance":0.73278
	},
	"fit_weight":{
		"Voc":20,
		"Isc":0,
		"Pmax":1
	},
	"tag":null,
	"experimental_data":[
		{
			"row_name":"Voltage(V)",
			"data":[0,0.950087939,1.488323562,1.594827836,1.599827836,1.604827836,1.607327836,1.609827836,1.612327836,1.614827836,1.61829642,1.7543,1.863141817]
		},
		{
			"row_name":"Current(A)",
			"data":[-3.95173940364,-3.92855619852,-3.90204030996,-3.81179649888,-3.80196014868,-3.79124666082,-3.78553952592,-3.77958666546,-3.77337904182,-3.76690712886,-3.75747160932,-2.62925347734,-0]
		}
	],
	"measurement_type":"Light_IV_measurement"
}
