{
	"measurement_condition":{
		"temperature":25,
		"cell_area":244.26,
		"Suns":1,
		"JL":null,
		"IL":[6.485005296,2.547680652],
		"I_imbalance":2.19834
	},
	"fit_weight":{
		"Voc":20,
		"Isc":0,
		"Pmax":1
	},
	"tag":null,
	"experimental_data":[
		{
			"row_name":"Voltage(V)",
			"data":[0,0.974265409,1.507293603,1.627990623,1.632990623,1.635490623,1.637990623,1.640490623,1.642990623,1.647990623,1.7444,1.853123691]
		},
		{
			"row_name":"Current(A)",
			"data":[-2.56355608644,-2.53977297876,-2.52068918922,-2.46087651024,-2.45440606284,-2.45093830362,-2.4473056689,-2.44350058662,-2.4395149962,-2.43096858306,-1.97894371392,-0]
		}
	],
	"measurement_type":"Light_IV_measurement"
}
