{
	"measurement_condition":{
		"temperature":25,
		"cell_area":244.26,
		"Suns":0.5,
		"JL":null,
		"IL":[1.505447658,3.010895316],
		"I_imbalance":-0.73278
	},
	"fit_weight":{
		"Voc":20,
		"Isc":0,
		"Pmax":1
	},
	"tag":null,
	"experimental_data":[
		{
			"row_name":"Voltage(V)",
			"data":[0,0.963640572,1.496235443,1.637485692,1.642358552,1.647231413,1.649667844,1.652104274,1.654540705,1.656977135,1.663428542,1.669879948,1.7139,1.822198613]
		},
		{
			"row_name":"Current(A)",
			"data":[-1.52435655738,-1.51266334266,-1.50515527878,-1.48116894678,-1.47803997618,-1.47446669664,-1.47249258732,-1.4703816924,-1.46812399722,-1.4657089986,-1.45846864368,-1.44981353484,-1.327956129,-0]
		}
	],
	"measurement_type":"Light_IV_measurement"
}
