{
	"measurement_condition":{
		"temperature":25,
		"cell_area":244.26,
		"Suns":1,
		"JL":null,
		"IL":[2.084465988,6.94821996],
		"I_imbalance":-2.4426
	},
	"fit_weight":{
		"Voc":20,
		"Isc":0,
		"Pmax":1
	},
	"tag":null,
	"experimental_data":[
		{
			"row_name":"Voltage(V)",
			"data":[0,0.985665532,1.530907511,1.676087258,1.686949774,1.689665403,1.691023217,1.692381032,1.693738846,1.69509666,1.697812289,1.701064999,1.704317709,1.710823128,1.7515,1.860272565]
		},
		{
			"row_name":"Current(A)",
			"data":[-2.12923909026,-2.11730772204,-2.10961182222,-2.0810597823,-2.07166383288,-2.06882260056,-2.0673164934,-2.06575029828,-2.06412132834,-2.06242714098,-2.05883236656,-2.05413695658,-2.04897671982,-2.03707563984,-1.8852805071,-0]
		}
	],
	"measurement_type":"Light_IV_measurement"
}
