{
	"measurement_condition":{
		"temperature":25,
		"cell_area":244.26,
		"Suns":1,
		"JL":null,
		"IL":[2.779287984,6.253397964],
		"I_imbalance":-1.70982
	},
	"fit_weight":{
		"Voc":20,
		"Isc":0,
		"Pmax":1
	},
	"tag":null,
	"experimental_data":[
		{
			"row_name":"Voltage(V)",
			"data":[0,0.958803038,1.512212087,1.665428236,1.670282252,1.675136269,1.677563277,1.679990285,1.682417293,1.684844301,1.692147184,1.699450067,1.7552,1.864023309]
		},
		{
			"row_name":"Current(A)",
			"data":[-2.81222082702,-2.80060724106,-2.79264583062,-2.75053271976,-2.74466876994,-2.73793672008,-2.73420564858,-2.7302088222,-2.72592718866,-2.72134193994,-2.70550167894,-2.68610792346,-2.3384389869,-0]
		}
	],
	"measurement_type":"Light_IV_measurement"
}
