{
	"measurement_condition":{
		"temperature":25,
		"cell_area":165.34,
		"Suns":1,
		"JL":null,
		"IL":6.6729306056,
		"I_imbalance":0
	},
	"fit_weight":{
		"Voc":20,
		"Isc":0,
		"Pmax":1
	},
	"tag":null,
	"experimental_data":[
		{
			"row_name":"Voltage(V)",
			"data":[0,0.38476557,0.556876939,0.560774982,0.571176604,0.581578225,0.584078225,0.5853282249999999,0.586578225,0.587828225,0.589078225,0.591578225,0.6182000000000001,0.7009687269999999]
		},
		{
			"row_name":"Current(A)",
			"data":[-6.67287405932,-6.6705158149,-6.5295436241,-6.51108209038,-6.44904189286,-6.363239691900001,-6.338220939120001,-6.32498646416,-6.31124654482,-6.29699853566,-6.28219845624,-6.2509076959,-5.738594430940001,-0]
		}
	],
	"measurement_type":"Light_IV_measurement"
}
