{
	"measurement_condition":{
		"temperature":25,
		"cell_area":165.34,
		"Suns":0.5,
		"JL":null,
		"IL":3.3364653028,
		"I_imbalance":0
	},
	"fit_weight":{
		"Voc":20,
		"Isc":0,
		"Pmax":1
	},
	"tag":null,
	"experimental_data":[
		{
			"row_name":"Voltage(V)",
			"data":[0,0.406984998,0.546432057,0.5584988630000001,0.575377755,0.5778777549999999,0.580377755,0.581627755,0.5828777549999999,0.584127755,0.585377755,0.5931888780000001,0.601,0.683040071]
		},
		{
			"row_name":"Current(A)",
			"data":[-3.33643702966,-3.33395246548,-3.280024179040001,-3.2556553778,-3.200382711820001,-3.18925119632,-3.177162692900001,-3.17073476972,-3.16403701166,-3.15705834094,-3.1497873491,-3.09695906968,-3.02892562784,-0]
		}
	],
	"measurement_type":"Light_IV_measurement"
}
